到达小时,图形处理器总需求,任务数,数据集
0,657,19,训练集
1,753,18,训练集
2,909,28,训练集
3,532,16,训练集
4,438,14,训练集
5,455,21,训练集
6,463,23,训练集
7,770,17,训练集
8,576,24,训练集
9,359,17,训练集
10,800,19,训练集
11,669,25,训练集
12,493,18,训练集
13,753,25,训练集
14,583,25,训练集
15,789,28,训练集
16,294,18,训练集
17,834,25,训练集
18,603,22,训练集
19,829,26,训练集
20,577,19,训练集
21,1105,21,训练集
22,249,17,训练集
23,435,21,训练集
24,676,19,训练集
25,405,17,训练集
26,688,24,训练集
27,727,24,训练集
28,1196,27,训练集
29,1024,29,训练集
30,396,15,训练集
31,178,15,训练集
32,1205,33,训练集
33,731,23,训练集
34,1140,34,训练集
35,423,15,训练集
36,691,15,训练集
37,504,16,训练集
38,542,20,训练集
39,531,27,训练集
40,719,25,训练集
41,664,16,训练集
42,473,24,训练集
43,585,21,训练集
44,916,22,训练集
45,504,19,训练集
46,418,19,训练集
47,385,14,训练集
48,800,25,训练集
49,664,23,训练集
50,488,17,训练集
51,572,21,训练集
52,295,19,训练集
53,850,21,训练集
54,537,20,训练集
55,523,12,训练集
56,536,23,训练集
57,863,30,训练集
58,634,22,训练集
59,142,12,训练集
60,546,19,训练集
61,857,24,训练集
62,513,16,训练集
63,745,20,训练集
64,469,15,训练集
65,413,16,训练集
66,772,24,训练集
67,764,25,训练集
68,286,13,训练集
69,1084,24,训练集
70,459,18,训练集
71,649,19,训练集
72,499,19,训练集
73,396,22,训练集
74,864,24,训练集
75,874,21,训练集
76,649,20,训练集
77,639,30,训练集
78,339,15,训练集
79,400,18,训练集
80,499,23,训练集
81,387,26,训练集
82,743,20,训练集
83,627,18,训练集
84,581,18,训练集
85,403,20,训练集
86,380,20,训练集
87,733,24,训练集
88,680,24,训练集
89,570,19,训练集
90,415,18,训练集
91,573,17,训练集
92,838,22,训练集
93,275,21,训练集
94,635,31,训练集
95,925,26,训练集
96,507,18,训练集
97,739,20,训练集
98,425,17,训练集
99,277,13,训练集
100,270,12,训练集
101,446,21,训练集
102,535,15,训练集
103,532,19,训练集
104,837,30,训练集
105,506,20,训练集
106,202,19,训练集
107,590,24,训练集
108,533,17,训练集
109,933,23,训练集
110,734,21,训练集
111,517,18,训练集
112,875,25,训练集
113,370,20,训练集
114,804,20,训练集
115,786,23,训练集
116,741,17,训练集
117,580,23,训练集
118,644,28,训练集
119,774,31,训练集
120,759,26,训练集
121,907,23,训练集
122,815,24,训练集
123,736,24,训练集
124,899,21,训练集
125,441,14,训练集
126,713,18,训练集
127,848,24,训练集
128,568,20,训练集
129,499,16,训练集
130,193,15,训练集
131,678,28,训练集
132,605,19,训练集
133,944,22,训练集
134,473,18,训练集
135,618,16,训练集
136,400,20,训练集
137,548,26,训练集
138,657,23,训练集
139,529,18,训练集
140,651,18,训练集
141,656,21,训练集
142,466,21,训练集
143,378,17,训练集
144,859,21,训练集
145,476,15,训练集
146,594,23,训练集
147,950,21,训练集
148,806,19,训练集
149,562,26,训练集
150,680,22,训练集
151,705,28,训练集
152,986,26,训练集
153,710,26,训练集
154,709,25,训练集
155,275,11,训练集
156,541,18,训练集
157,552,15,训练集
158,731,16,训练集
159,542,22,训练集
160,432,14,训练集
161,898,27,训练集
162,353,20,训练集
163,688,20,训练集
164,484,24,训练集
165,646,20,训练集
166,804,23,训练集
167,283,19,训练集
168,834,21,训练集
169,438,12,训练集
170,1080,23,训练集
171,793,22,训练集
172,484,18,训练集
173,773,17,训练集
174,560,19,训练集
175,724,20,训练集
176,363,14,训练集
177,474,25,训练集
178,458,12,训练集
179,600,31,训练集
180,617,20,训练集
181,580,25,训练集
182,697,20,训练集
183,822,29,训练集
184,927,25,训练集
185,570,22,训练集
186,328,19,训练集
187,577,18,训练集
188,734,24,训练集
189,491,17,训练集
190,813,25,训练集
191,601,19,训练集
192,996,32,训练集
193,491,27,训练集
194,626,15,训练集
195,1023,23,训练集
196,509,21,训练集
197,592,14,训练集
198,514,21,训练集
199,797,17,训练集
200,427,19,训练集
201,682,23,训练集
202,790,21,训练集
203,398,21,训练集
204,699,24,训练集
205,587,20,训练集
206,543,23,训练集
207,262,16,训练集
208,573,23,训练集
209,508,17,训练集
210,661,21,训练集
211,418,21,训练集
212,785,25,训练集
213,564,26,训练集
214,693,24,训练集
215,670,20,训练集
216,526,16,训练集
217,866,21,训练集
218,865,21,训练集
219,943,25,训练集
220,671,20,训练集
221,540,20,训练集
222,716,21,训练集
223,928,29,训练集
224,712,26,训练集
225,451,15,训练集
226,641,26,训练集
227,882,20,训练集
228,1005,23,训练集
229,1121,26,训练集
230,560,17,训练集
231,287,16,训练集
232,761,23,训练集
233,626,18,训练集
234,330,18,训练集
235,1046,20,训练集
236,842,16,训练集
237,403,22,训练集
238,472,15,训练集
239,363,18,训练集
240,666,22,训练集
241,710,21,训练集
242,535,18,训练集
243,772,20,训练集
244,568,19,训练集
245,828,25,训练集
246,674,15,训练集
247,512,23,训练集
248,332,17,训练集
249,721,25,训练集
250,1001,23,训练集
251,538,25,训练集
252,731,25,训练集
253,842,24,训练集
254,357,22,训练集
255,870,21,训练集
256,277,13,训练集
257,570,19,训练集
258,884,31,训练集
259,771,25,训练集
260,858,29,训练集
261,512,24,训练集
262,494,21,训练集
263,616,24,训练集
264,342,17,训练集
265,716,23,训练集
266,1016,27,训练集
267,516,15,训练集
268,564,21,训练集
269,602,18,训练集
270,997,26,训练集
271,992,22,训练集
272,354,19,训练集
273,705,23,训练集
274,263,23,训练集
275,1127,35,训练集
276,503,24,训练集
277,514,20,训练集
278,751,22,训练集
279,671,18,训练集
280,547,18,训练集
281,630,22,训练集
282,601,15,训练集
283,541,21,训练集
284,559,27,训练集
285,305,16,训练集
286,427,21,训练集
287,483,20,训练集
288,713,24,训练集
289,644,22,训练集
290,995,29,训练集
291,278,16,训练集
292,876,24,训练集
293,656,15,训练集
294,643,18,训练集
295,387,14,训练集
296,167,9,训练集
297,475,20,训练集
298,517,17,训练集
299,721,17,训练集
300,469,21,训练集
301,791,28,训练集
302,418,12,训练集
303,589,23,训练集
304,821,28,训练集
305,789,23,训练集
306,447,16,训练集
307,537,22,训练集
308,875,22,训练集
309,355,11,训练集
310,291,14,训练集
311,572,20,训练集
312,494,16,训练集
313,662,23,训练集
314,1313,26,训练集
315,793,19,训练集
316,608,17,训练集
317,742,21,训练集
318,1095,27,训练集
319,532,19,训练集
320,659,20,训练集
321,708,26,训练集
322,637,19,训练集
323,527,20,训练集
324,515,28,训练集
325,804,28,训练集
326,588,17,训练集
327,913,22,训练集
328,841,23,训练集
329,734,23,训练集
330,525,21,训练集
331,593,17,训练集
332,228,17,训练集
333,666,20,训练集
334,648,25,训练集
335,546,22,训练集
336,340,20,训练集
337,560,22,训练集
338,708,23,训练集
339,373,20,训练集
340,177,21,训练集
341,648,22,训练集
342,1138,24,训练集
343,404,11,训练集
344,547,13,训练集
345,543,17,训练集
346,870,21,训练集
347,933,30,训练集
348,741,28,训练集
349,569,23,训练集
350,584,17,训练集
351,754,28,训练集
352,337,13,训练集
353,656,24,训练集
354,503,22,训练集
355,517,22,训练集
356,866,24,训练集
357,453,19,训练集
358,548,19,训练集
359,557,19,训练集
360,666,17,训练集
361,543,24,训练集
362,659,20,训练集
363,505,20,训练集
364,625,22,训练集
365,687,21,训练集
366,668,17,训练集
367,525,21,训练集
368,458,19,训练集
369,832,34,训练集
370,682,23,训练集
371,702,17,训练集
372,429,15,训练集
373,431,20,训练集
374,330,17,训练集
375,567,12,训练集
376,288,21,训练集
377,486,21,训练集
378,381,18,训练集
379,591,13,训练集
380,947,28,训练集
381,547,27,训练集
382,1095,27,训练集
383,802,20,训练集
384,432,19,训练集
385,439,16,训练集
386,413,13,训练集
387,620,21,训练集
388,700,19,训练集
389,494,16,训练集
390,567,17,训练集
391,749,25,训练集
392,695,24,训练集
393,900,25,训练集
394,761,16,训练集
395,440,17,训练集
396,379,19,训练集
397,348,19,训练集
398,542,21,训练集
399,561,19,训练集
400,926,25,训练集
401,491,19,训练集
402,715,20,训练集
403,682,19,训练集
404,373,14,训练集
405,710,21,训练集
406,716,22,训练集
407,442,20,训练集
408,827,23,训练集
409,713,23,训练集
410,747,22,训练集
411,828,30,训练集
412,348,15,训练集
413,865,20,训练集
414,990,27,训练集
415,361,20,训练集
416,453,18,训练集
417,559,20,训练集
418,486,22,训练集
419,614,29,训练集
420,511,22,训练集
421,606,25,训练集
422,733,26,训练集
423,705,24,训练集
424,806,22,训练集
425,639,23,训练集
426,489,17,训练集
427,501,23,训练集
428,583,23,训练集
429,840,24,训练集
430,776,26,训练集
431,514,14,训练集
432,783,23,训练集
433,575,21,训练集
434,825,25,训练集
435,844,28,训练集
436,419,22,训练集
437,753,21,训练集
438,653,24,训练集
439,481,17,训练集
440,658,18,训练集
441,888,27,训练集
442,711,26,训练集
443,329,15,训练集
444,529,23,训练集
445,1066,22,训练集
446,418,16,训练集
447,941,31,训练集
448,413,21,训练集
449,690,21,训练集
450,324,21,训练集
451,524,21,训练集
452,524,16,训练集
453,907,23,训练集
454,557,25,训练集
455,640,23,训练集
456,451,20,训练集
457,319,13,训练集
458,194,17,训练集
459,579,16,训练集
460,654,27,训练集
461,330,21,训练集
462,712,19,训练集
463,198,16,训练集
464,670,17,训练集
465,611,18,训练集
466,466,16,训练集
467,648,20,训练集
468,430,18,训练集
469,787,29,训练集
470,425,19,训练集
471,846,23,训练集
472,548,20,训练集
473,355,19,训练集
474,882,28,训练集
475,504,16,训练集
476,702,23,训练集
477,667,24,训练集
478,230,19,训练集
479,390,18,训练集
480,833,31,训练集
481,849,29,训练集
482,710,22,训练集
483,433,18,训练集
484,1048,29,训练集
485,308,14,训练集
486,672,18,训练集
487,552,13,训练集
488,388,23,训练集
489,515,17,训练集
490,738,19,训练集
491,494,21,训练集
492,540,22,训练集
493,629,22,训练集
494,550,23,训练集
495,628,23,训练集
496,387,14,训练集
497,576,21,训练集
498,290,10,训练集
499,549,20,训练集
500,554,19,训练集
501,611,16,训练集
502,248,12,训练集
503,942,29,训练集
504,390,20,训练集
505,891,25,训练集
506,677,17,训练集
507,835,17,训练集
508,607,18,训练集
509,619,23,训练集
510,952,21,训练集
511,424,17,训练集
512,799,23,训练集
513,293,15,训练集
514,323,17,训练集
515,545,19,训练集
516,449,23,训练集
517,661,23,训练集
518,643,18,训练集
519,741,25,训练集
520,578,25,训练集
521,653,20,训练集
522,818,26,训练集
523,342,20,训练集
524,308,14,训练集
525,670,21,训练集
526,681,24,训练集
527,735,29,训练集
528,437,13,训练集
529,737,19,训练集
530,522,20,训练集
531,1161,26,训练集
532,531,25,训练集
533,408,17,训练集
534,674,28,训练集
535,714,27,训练集
536,495,15,训练集
537,534,22,训练集
538,434,14,训练集
539,951,25,训练集
540,492,19,训练集
541,565,20,训练集
542,360,21,训练集
543,1277,32,训练集
544,613,16,训练集
545,707,25,训练集
546,495,19,训练集
547,677,21,训练集
548,686,24,训练集
549,614,19,训练集
550,556,23,训练集
551,539,23,训练集
552,276,11,训练集
553,857,29,训练集
554,672,16,训练集
555,744,26,训练集
556,991,25,训练集
557,413,18,训练集
558,470,26,训练集
559,394,21,训练集
560,566,23,训练集
561,498,21,训练集
562,672,18,训练集
563,772,28,训练集
564,496,19,训练集
565,895,22,训练集
566,446,26,训练集
567,438,19,训练集
568,706,23,训练集
569,166,14,训练集
570,580,27,训练集
571,776,19,训练集
572,729,28,训练集
573,804,27,训练集
574,375,20,训练集
575,739,28,训练集
576,413,29,训练集
577,618,18,训练集
578,240,17,训练集
579,577,21,训练集
580,422,29,训练集
581,396,18,训练集
582,495,19,训练集
583,457,19,训练集
584,292,21,训练集
585,274,14,训练集
586,585,22,训练集
587,247,10,训练集
588,1040,28,训练集
589,518,11,训练集
590,441,18,训练集
591,412,20,训练集
592,576,19,训练集
593,566,20,训练集
594,578,21,训练集
595,653,24,训练集
596,976,28,训练集
597,520,23,训练集
598,554,19,训练集
599,467,15,训练集
600,833,28,训练集
601,755,17,训练集
602,423,18,训练集
603,994,29,训练集
604,773,22,训练集
605,948,27,训练集
606,601,19,训练集
607,432,16,训练集
608,800,32,训练集
609,487,21,训练集
610,929,25,训练集
611,770,24,训练集
612,778,21,训练集
613,682,19,训练集
614,619,24,训练集
615,421,17,训练集
616,481,20,训练集
617,407,16,训练集
618,841,24,训练集
619,412,21,训练集
620,457,18,训练集
621,642,26,训练集
622,875,19,训练集
623,623,22,训练集
624,815,23,训练集
625,685,19,训练集
626,397,18,训练集
627,935,24,训练集
628,544,23,训练集
629,464,16,训练集
630,616,23,训练集
631,795,25,训练集
632,567,18,训练集
633,992,36,训练集
634,1004,21,训练集
635,770,25,训练集
636,303,16,训练集
637,720,25,训练集
638,441,16,训练集
639,576,22,训练集
640,720,25,训练集
641,521,21,训练集
642,622,29,训练集
643,356,19,训练集
644,360,14,训练集
645,714,22,训练集
646,456,20,训练集
647,449,16,训练集
648,593,22,训练集
649,564,16,训练集
650,333,19,训练集
651,742,20,训练集
652,809,25,训练集
653,379,21,训练集
654,792,24,训练集
655,861,26,训练集
656,664,26,训练集
657,354,10,训练集
658,425,14,训练集
659,763,21,训练集
660,848,21,训练集
661,528,22,训练集
662,447,24,训练集
663,612,25,训练集
664,455,16,训练集
665,579,16,训练集
666,468,21,训练集
667,517,21,训练集
668,361,15,训练集
669,703,21,训练集
670,318,16,训练集
671,927,19,训练集
672,729,25,训练集
673,501,17,训练集
674,919,26,训练集
675,500,21,训练集
676,518,17,训练集
677,349,17,训练集
678,622,24,训练集
679,814,17,训练集
680,506,16,训练集
681,987,25,训练集
682,583,13,训练集
683,865,27,训练集
684,622,23,训练集
685,528,18,训练集
686,815,21,训练集
687,691,25,训练集
688,581,14,训练集
689,666,26,训练集
690,458,23,训练集
691,600,22,训练集
692,429,18,训练集
693,638,16,训练集
694,757,23,训练集
695,777,20,训练集
696,528,16,训练集
697,623,19,训练集
698,1027,32,训练集
699,572,17,训练集
700,249,17,训练集
701,584,15,训练集
702,456,12,训练集
703,576,20,训练集
704,304,16,训练集
705,704,22,训练集
706,757,25,训练集
707,613,18,训练集
708,1159,26,训练集
709,478,19,训练集
710,436,21,训练集
711,317,20,训练集
712,640,17,训练集
713,1116,26,训练集
714,587,24,训练集
715,430,17,训练集
716,750,25,训练集
717,597,24,训练集
718,453,15,训练集
719,918,23,训练集
720,829,18,训练集
721,925,25,训练集
722,256,15,训练集
723,344,22,训练集
724,691,28,训练集
725,651,23,训练集
726,447,19,训练集
727,676,26,训练集
728,759,24,训练集
729,733,22,训练集
730,471,19,训练集
731,519,20,训练集
732,593,23,训练集
733,436,16,训练集
734,301,14,训练集
735,365,17,训练集
736,639,21,训练集
737,935,18,训练集
738,868,27,训练集
739,822,22,训练集
740,477,20,训练集
741,962,26,训练集
742,609,20,训练集
743,410,16,训练集
744,702,16,训练集
745,484,17,训练集
746,667,29,训练集
747,400,15,训练集
748,771,21,训练集
749,769,21,训练集
750,420,18,训练集
751,612,19,训练集
752,679,23,训练集
753,845,28,训练集
754,408,12,训练集
755,686,18,训练集
756,588,24,训练集
757,407,22,训练集
758,542,21,训练集
759,389,17,训练集
760,773,28,训练集
761,427,19,训练集
762,595,20,训练集
763,682,31,训练集
764,707,21,训练集
765,826,23,训练集
766,489,21,训练集
767,600,20,训练集
768,434,20,训练集
769,770,21,训练集
770,535,21,训练集
771,437,25,训练集
772,407,19,训练集
773,615,24,训练集
774,708,22,训练集
775,413,14,训练集
776,374,19,训练集
777,488,26,训练集
778,797,28,训练集
779,401,18,训练集
780,686,20,训练集
781,388,19,训练集
782,635,23,训练集
783,735,22,训练集
784,489,15,训练集
785,288,9,训练集
786,590,19,训练集
787,993,26,训练集
788,519,23,训练集
789,748,20,训练集
790,545,25,训练集
791,604,20,训练集
792,643,22,训练集
793,757,26,训练集
794,617,17,训练集
795,432,18,训练集
796,545,21,训练集
797,531,26,训练集
798,601,15,训练集
799,558,24,训练集
800,471,14,训练集
801,540,21,训练集
802,498,19,训练集
803,478,21,训练集
804,646,25,训练集
805,526,21,训练集
806,482,19,训练集
807,532,17,训练集
808,481,17,训练集
809,259,13,训练集
810,591,23,训练集
811,468,14,训练集
812,676,27,训练集
813,771,17,训练集
814,371,18,训练集
815,630,22,训练集
816,548,22,训练集
817,404,20,训练集
818,706,24,训练集
819,1143,28,训练集
820,629,16,训练集
821,434,13,训练集
822,711,24,训练集
823,547,21,训练集
824,666,23,训练集
825,255,13,训练集
826,663,19,训练集
827,534,24,训练集
828,424,24,训练集
829,586,14,训练集
830,840,27,训练集
831,646,22,训练集
832,596,18,训练集
833,424,16,训练集
834,464,19,训练集
835,501,21,训练集
836,807,21,训练集
837,569,23,训练集
838,766,21,训练集
839,618,23,训练集
840,314,14,训练集
841,658,17,训练集
842,570,23,训练集
843,845,24,训练集
844,721,23,训练集
845,175,11,训练集
846,417,17,训练集
847,689,17,训练集
848,640,23,训练集
849,644,18,训练集
850,651,24,训练集
851,477,24,训练集
852,529,16,训练集
853,561,23,训练集
854,455,20,训练集
855,502,14,训练集
856,808,21,训练集
857,316,15,训练集
858,525,26,训练集
859,876,27,训练集
860,441,17,训练集
861,1172,27,训练集
862,892,19,训练集
863,530,23,训练集
864,177,18,训练集
865,511,23,训练集
866,243,15,训练集
867,682,22,训练集
868,800,22,训练集
869,852,20,训练集
870,825,22,训练集
871,688,16,训练集
872,555,17,训练集
873,662,22,训练集
874,331,16,训练集
875,388,19,训练集
876,389,19,训练集
877,908,19,训练集
878,215,14,训练集
879,1007,25,训练集
880,595,16,训练集
881,489,21,训练集
882,781,27,训练集
883,593,22,训练集
884,511,12,训练集
885,576,18,训练集
886,375,25,训练集
887,694,30,训练集
888,394,28,训练集
889,877,26,训练集
890,598,14,训练集
891,697,29,训练集
892,767,35,训练集
893,571,19,训练集
894,539,21,训练集
895,545,15,训练集
896,748,27,训练集
897,563,24,训练集
898,419,15,训练集
899,572,15,训练集
900,540,17,训练集
901,288,16,训练集
902,947,28,训练集
903,372,24,训练集
904,420,15,训练集
905,428,16,训练集
906,675,22,训练集
907,414,14,训练集
908,373,16,训练集
909,1148,23,训练集
910,705,24,训练集
911,1149,27,训练集
912,609,28,训练集
913,998,26,训练集
914,686,24,训练集
915,331,20,训练集
916,759,20,训练集
917,578,17,训练集
918,562,21,训练集
919,568,20,训练集
920,659,17,训练集
921,704,18,训练集
922,327,18,训练集
923,755,16,训练集
924,374,15,训练集
925,658,17,训练集
926,270,14,训练集
927,514,17,训练集
928,838,24,训练集
929,356,22,训练集
930,556,20,训练集
931,579,24,训练集
932,628,19,训练集
933,836,28,训练集
934,458,19,训练集
935,555,18,训练集
936,895,24,训练集
937,282,22,训练集
938,488,17,训练集
939,381,19,训练集
940,877,21,训练集
941,693,21,训练集
942,788,22,训练集
943,1024,21,训练集
944,831,21,训练集
945,362,17,训练集
946,548,20,训练集
947,907,23,训练集
948,642,19,训练集
949,364,22,训练集
950,593,27,训练集
951,736,18,训练集
952,986,31,训练集
953,667,19,训练集
954,510,17,训练集
955,445,19,训练集
956,240,16,训练集
957,595,21,训练集
958,462,17,训练集
959,537,21,训练集
960,652,16,训练集
961,547,20,训练集
962,680,26,训练集
963,615,27,训练集
964,419,16,训练集
965,593,26,训练集
966,650,22,训练集
967,843,30,训练集
968,729,22,训练集
969,810,19,训练集
970,571,16,训练集
971,493,16,训练集
972,594,18,训练集
973,519,27,训练集
974,74,9,训练集
975,249,19,训练集
976,316,12,训练集
977,672,20,训练集
978,462,17,训练集
979,608,20,训练集
980,1023,24,训练集
981,317,20,训练集
982,382,18,训练集
983,625,18,训练集
984,398,22,训练集
985,602,19,训练集
986,519,21,训练集
987,572,24,训练集
988,192,11,训练集
989,571,13,训练集
990,803,19,训练集
991,1109,30,训练集
992,980,32,训练集
993,529,15,训练集
994,290,20,训练集
995,215,14,训练集
996,591,20,训练集
997,246,16,训练集
998,739,28,训练集
999,731,21,训练集
1000,588,26,训练集
1001,756,33,训练集
1002,1012,24,训练集
1003,432,16,训练集
1004,490,16,训练集
1005,800,22,训练集
1006,701,29,训练集
1007,436,23,训练集
1008,512,19,训练集
1009,742,22,训练集
1010,822,27,训练集
1011,742,21,训练集
1012,654,22,训练集
1013,542,22,训练集
1014,718,19,训练集
1015,335,13,训练集
1016,825,32,训练集
1017,523,23,训练集
1018,585,25,训练集
1019,725,24,训练集
1020,365,20,训练集
1021,466,17,训练集
1022,597,25,训练集
1023,578,28,训练集
1024,1011,30,训练集
1025,986,21,训练集
1026,1042,22,训练集
1027,582,19,训练集
1028,503,23,训练集
1029,460,21,训练集
1030,377,16,训练集
1031,436,18,训练集
1032,956,26,训练集
1033,593,20,训练集
1034,657,19,训练集
1035,712,25,训练集
1036,722,18,训练集
1037,310,9,训练集
1038,116,13,训练集
1039,489,16,训练集
1040,627,13,训练集
1041,610,23,训练集
1042,496,17,训练集
1043,569,20,训练集
1044,646,15,训练集
1045,670,27,训练集
1046,650,29,训练集
1047,831,23,训练集
1048,425,21,训练集
1049,438,16,训练集
1050,686,16,训练集
1051,464,15,训练集
1052,325,19,训练集
1053,1040,27,训练集
1054,681,21,训练集
1055,545,15,训练集
1056,686,21,训练集
1057,655,33,训练集
1058,374,18,训练集
1059,736,25,训练集
1060,468,15,训练集
1061,508,19,训练集
1062,292,12,训练集
1063,779,28,训练集
1064,375,13,训练集
1065,489,25,训练集
1066,551,25,训练集
1067,474,21,训练集
1068,555,22,训练集
1069,675,29,训练集
1070,389,14,训练集
1071,786,27,训练集
1072,978,29,训练集
1073,380,18,训练集
1074,583,21,训练集
1075,505,23,训练集
1076,983,27,训练集
1077,519,15,训练集
1078,525,17,训练集
1079,691,21,训练集
1080,369,20,训练集
1081,464,15,训练集
1082,363,17,训练集
1083,615,23,训练集
1084,558,18,训练集
1085,497,17,训练集
1086,898,26,训练集
1087,368,15,训练集
1088,661,19,训练集
1089,848,19,训练集
1090,683,18,训练集
1091,516,19,训练集
1092,634,17,训练集
1093,747,19,训练集
1094,537,20,训练集
1095,617,17,训练集
1096,680,27,训练集
1097,203,19,训练集
1098,528,21,训练集
1099,757,21,训练集
1100,744,25,训练集
1101,761,21,训练集
1102,373,16,训练集
1103,986,28,训练集
1104,636,19,训练集
1105,282,15,训练集
1106,613,17,训练集
1107,894,27,训练集
1108,833,25,训练集
1109,491,18,训练集
1110,479,18,训练集
1111,644,23,训练集
1112,882,23,训练集
1113,709,20,训练集
1114,807,26,训练集
1115,383,19,训练集
1116,896,31,训练集
1117,524,15,训练集
1118,615,16,训练集
1119,1262,32,训练集
1120,442,15,训练集
1121,846,27,训练集
1122,459,21,训练集
1123,480,22,训练集
1124,563,22,训练集
1125,403,12,训练集
1126,418,14,训练集
1127,579,19,训练集
1128,686,24,训练集
1129,96,9,训练集
1130,603,21,训练集
1131,483,18,训练集
1132,417,17,训练集
1133,331,16,训练集
1134,554,19,训练集
1135,436,20,训练集
1136,533,18,训练集
1137,759,19,训练集
1138,503,22,训练集
1139,1032,30,训练集
1140,719,25,训练集
1141,559,19,训练集
1142,507,20,训练集
1143,462,19,训练集
1144,923,25,训练集
1145,578,18,训练集
1146,712,21,训练集
1147,595,17,训练集
1148,558,17,训练集
1149,571,14,训练集
1150,663,20,训练集
1151,501,15,训练集
1152,379,19,训练集
1153,810,24,训练集
1154,834,30,训练集
1155,392,17,训练集
1156,521,18,训练集
1157,405,19,训练集
1158,268,21,训练集
1159,956,23,训练集
1160,420,20,训练集
1161,494,17,训练集
1162,823,20,训练集
1163,450,15,训练集
1164,583,16,训练集
1165,518,26,训练集
1166,254,19,训练集
1167,654,29,训练集
1168,601,21,训练集
1169,341,21,训练集
1170,549,18,训练集
1171,406,10,训练集
1172,199,12,训练集
1173,707,23,训练集
1174,819,24,训练集
1175,577,23,训练集
1176,606,20,训练集
1177,597,16,训练集
1178,764,19,训练集
1179,908,26,训练集
1180,431,13,训练集
1181,658,24,训练集
1182,630,18,训练集
1183,903,24,训练集
1184,530,17,训练集
1185,850,24,训练集
1186,539,17,训练集
1187,967,28,训练集
1188,409,20,训练集
1189,440,13,训练集
1190,661,26,训练集
1191,693,25,训练集
1192,734,21,训练集
1193,888,23,训练集
1194,350,17,训练集
1195,837,28,训练集
1196,582,16,训练集
1197,584,21,训练集
1198,406,15,训练集
1199,427,17,训练集
1200,545,19,训练集
1201,747,25,训练集
1202,400,21,训练集
1203,957,22,训练集
1204,736,26,训练集
1205,297,17,训练集
1206,914,21,训练集
1207,257,17,训练集
1208,842,21,训练集
1209,510,18,训练集
1210,771,22,训练集
1211,1216,28,训练集
1212,563,17,训练集
1213,448,19,训练集
1214,394,13,训练集
1215,771,21,训练集
1216,501,23,训练集
1217,676,21,训练集
1218,695,21,训练集
1219,560,19,训练集
1220,656,13,训练集
1221,537,20,训练集
1222,1073,34,训练集
1223,843,17,训练集
1224,1051,22,训练集
1225,740,27,训练集
1226,468,22,训练集
1227,546,24,训练集
1228,873,24,训练集
1229,618,30,训练集
1230,544,19,训练集
1231,1077,30,训练集
1232,879,22,训练集
1233,796,23,训练集
1234,705,22,训练集
1235,1015,27,训练集
1236,403,20,训练集
1237,362,18,训练集
1238,476,17,训练集
1239,1059,29,训练集
1240,789,26,训练集
1241,583,17,训练集
1242,747,24,训练集
1243,431,17,训练集
1244,790,18,训练集
1245,1022,30,训练集
1246,674,15,训练集
1247,617,22,训练集
1248,594,18,训练集
1249,259,15,训练集
1250,708,20,训练集
1251,651,24,训练集
1252,1164,31,训练集
1253,739,22,训练集
1254,751,19,训练集
1255,493,17,训练集
1256,539,15,训练集
1257,359,13,训练集
1258,558,19,训练集
1259,773,28,训练集
1260,254,12,训练集
1261,737,22,训练集
1262,509,22,训练集
1263,680,21,训练集
1264,509,14,训练集
1265,616,17,训练集
1266,652,23,训练集
1267,653,24,训练集
1268,557,22,训练集
1269,298,17,训练集
1270,860,26,训练集
1271,921,24,训练集
1272,242,16,训练集
1273,633,22,训练集
1274,504,16,训练集
1275,353,16,训练集
1276,645,22,训练集
1277,628,23,训练集
1278,818,25,训练集
1279,677,17,训练集
1280,351,12,训练集
1281,932,24,训练集
1282,1014,29,训练集
1283,601,21,训练集
1284,757,25,训练集
1285,614,12,训练集
1286,340,15,训练集
1287,578,17,训练集
1288,644,24,训练集
1289,392,20,训练集
1290,439,18,训练集
1291,508,23,训练集
1292,211,16,训练集
1293,549,15,训练集
1294,260,25,训练集
1295,743,23,训练集
1296,416,20,训练集
1297,463,26,训练集
1298,1211,28,训练集
1299,668,29,训练集
1300,685,18,训练集
1301,369,20,训练集
1302,535,19,训练集
1303,894,28,训练集
1304,729,21,训练集
1305,395,13,训练集
1306,551,23,训练集
1307,714,23,训练集
1308,587,26,训练集
1309,527,25,训练集
1310,616,21,训练集
1311,914,28,训练集
1312,897,30,训练集
1313,585,18,训练集
1314,921,23,训练集
1315,546,27,训练集
1316,366,15,训练集
1317,1188,32,训练集
1318,502,25,训练集
1319,850,28,训练集
1320,298,14,训练集
1321,740,21,训练集
1322,482,19,训练集
1323,536,18,训练集
1324,817,24,训练集
1325,395,24,训练集
1326,399,15,训练集
1327,633,19,训练集
1328,462,22,训练集
1329,767,19,训练集
1330,561,18,训练集
1331,833,17,训练集
1332,741,22,训练集
1333,547,14,训练集
1334,625,18,训练集
1335,391,26,训练集
1336,274,18,训练集
1337,511,23,训练集
1338,558,20,训练集
1339,647,19,训练集
1340,822,28,训练集
1341,522,18,训练集
1342,633,27,训练集
1343,348,17,训练集
1344,914,24,训练集
1345,584,18,训练集
1346,722,15,训练集
1347,380,14,训练集
1348,481,19,训练集
1349,397,14,训练集
1350,923,23,训练集
1351,390,16,训练集
1352,437,21,训练集
1353,703,26,训练集
1354,737,22,训练集
1355,664,22,训练集
1356,862,26,训练集
1357,899,26,训练集
1358,535,18,训练集
1359,758,21,训练集
1360,609,21,训练集
1361,507,18,训练集
1362,463,17,训练集
1363,540,25,训练集
1364,617,18,训练集
1365,512,19,训练集
1366,708,26,训练集
1367,648,16,训练集
1368,671,21,训练集
1369,663,25,训练集
1370,774,19,训练集
1371,1120,25,训练集
1372,593,22,训练集
1373,488,15,训练集
1374,756,21,训练集
1375,753,17,训练集
1376,475,19,训练集
1377,846,28,训练集
1378,614,21,训练集
1379,688,31,训练集
1380,296,12,训练集
1381,605,31,训练集
1382,574,22,训练集
1383,786,18,训练集
1384,1235,28,训练集
1385,520,18,训练集
1386,557,19,训练集
1387,531,18,训练集
1388,339,23,训练集
1389,505,18,训练集
1390,727,21,训练集
1391,437,15,训练集
1392,624,20,训练集
1393,653,27,训练集
1394,301,17,训练集
1395,643,20,训练集
1396,481,16,训练集
1397,593,17,训练集
1398,597,24,训练集
1399,792,23,训练集
1400,445,11,训练集
1401,435,18,训练集
1402,419,19,训练集
1403,602,20,训练集
1404,705,21,训练集
1405,486,16,训练集
1406,736,24,训练集
1407,412,14,训练集
1408,227,24,训练集
1409,645,20,训练集
1410,574,25,训练集
1411,461,22,训练集
1412,752,22,训练集
1413,464,18,训练集
1414,850,27,训练集
1415,325,14,训练集
1416,449,20,训练集
1417,438,12,训练集
1418,814,28,训练集
1419,444,20,训练集
1420,465,17,训练集
1421,526,22,训练集
1422,335,18,训练集
1423,737,23,训练集
1424,517,21,训练集
1425,684,16,训练集
1426,558,20,训练集
1427,547,18,训练集
1428,639,17,训练集
1429,304,18,训练集
1430,392,16,训练集
1431,589,19,训练集
1432,552,17,训练集
1433,749,21,训练集
1434,233,17,训练集
1435,275,11,训练集
1436,612,16,训练集
1437,407,18,训练集
1438,568,20,训练集
1439,503,17,训练集
1440,542,19,训练集
1441,587,19,训练集
1442,501,14,训练集
1443,646,17,训练集
1444,756,27,训练集
1445,906,18,训练集
1446,523,23,训练集
1447,165,12,训练集
1448,336,16,训练集
1449,916,29,训练集
1450,491,14,训练集
1451,375,15,训练集
1452,533,20,训练集
1453,411,22,训练集
1454,718,21,训练集
1455,356,18,训练集
1456,556,20,训练集
1457,743,22,训练集
1458,764,22,训练集
1459,258,22,训练集
1460,481,23,训练集
1461,389,16,训练集
1462,710,19,训练集
1463,890,16,训练集
1464,571,19,训练集
1465,423,20,训练集
1466,703,27,训练集
1467,909,22,训练集
1468,911,19,训练集
1469,667,24,训练集
1470,724,19,训练集
1471,610,18,训练集
1472,706,26,训练集
1473,643,16,训练集
1474,777,25,训练集
1475,462,24,训练集
1476,738,35,训练集
1477,678,29,训练集
1478,268,12,训练集
1479,517,20,训练集
1480,312,19,训练集
1481,761,24,训练集
1482,665,20,训练集
1483,628,25,训练集
1484,545,23,训练集
1485,299,19,训练集
1486,503,17,训练集
1487,648,23,训练集
1488,750,23,训练集
1489,778,23,训练集
1490,615,29,训练集
1491,506,19,训练集
1492,1036,23,训练集
1493,698,22,训练集
1494,328,16,训练集
1495,573,23,训练集
1496,949,21,训练集
1497,859,18,训练集
1498,734,21,训练集
1499,629,19,训练集
1500,544,21,训练集
1501,312,14,训练集
1502,503,16,训练集
1503,568,18,训练集
1504,594,14,训练集
1505,593,22,训练集
1506,398,18,训练集
1507,826,26,训练集
1508,863,23,训练集
1509,719,25,训练集
1510,536,13,训练集
1511,1300,25,训练集
1512,822,18,训练集
1513,350,15,训练集
1514,430,21,训练集
1515,663,24,训练集
1516,471,15,训练集
1517,701,24,训练集
1518,515,18,训练集
1519,1029,30,训练集
1520,434,14,训练集
1521,414,19,训练集
1522,864,19,训练集
1523,353,14,训练集
1524,696,20,训练集
1525,276,18,训练集
1526,586,15,训练集
1527,702,26,训练集
1528,1262,34,训练集
1529,367,19,训练集
1530,578,27,训练集
1531,661,20,训练集
1532,880,25,训练集
1533,337,19,训练集
1534,430,21,训练集
1535,237,16,训练集
1536,632,20,训练集
1537,999,24,训练集
1538,450,13,训练集
1539,548,26,训练集
1540,597,21,训练集
1541,1042,27,训练集
1542,461,19,训练集
1543,659,24,训练集
1544,716,25,训练集
1545,421,25,训练集
1546,1255,26,训练集
1547,550,26,训练集
1548,208,17,训练集
1549,372,11,训练集
1550,552,24,训练集
1551,493,21,训练集
1552,432,15,训练集
1553,501,17,训练集
1554,264,12,训练集
1555,709,28,训练集
1556,1083,27,训练集
1557,926,24,训练集
1558,651,23,训练集
1559,652,24,训练集
1560,680,19,训练集
1561,872,27,训练集
1562,820,27,训练集
1563,385,16,训练集
1564,492,22,训练集
1565,515,15,训练集
1566,444,23,训练集
1567,524,21,训练集
1568,538,17,训练集
1569,670,20,训练集
1570,627,19,训练集
1571,327,20,训练集
1572,483,26,训练集
1573,616,25,训练集
1574,1236,27,训练集
1575,247,17,训练集
1576,557,25,训练集
1577,385,18,训练集
1578,687,28,训练集
1579,541,21,训练集
1580,562,17,训练集
1581,536,16,训练集
1582,956,27,训练集
1583,572,19,训练集
1584,564,19,训练集
1585,597,20,训练集
1586,742,23,训练集
1587,594,33,训练集
1588,571,23,训练集
1589,356,16,训练集
1590,616,21,训练集
1591,582,20,训练集
1592,679,18,训练集
1593,733,28,训练集
1594,1035,21,训练集
1595,872,21,训练集
1596,928,25,训练集
1597,908,26,训练集
1598,960,22,训练集
1599,1234,27,训练集
1600,677,22,训练集
1601,239,19,训练集
1602,462,23,训练集
1603,302,16,训练集
1604,605,19,训练集
1605,813,20,训练集
1606,538,19,训练集
1607,506,21,训练集
1608,745,20,训练集
1609,808,31,训练集
1610,729,19,训练集
1611,687,27,训练集
1612,545,14,训练集
1613,799,20,训练集
1614,733,19,训练集
1615,643,18,训练集
1616,576,25,训练集
1617,941,24,训练集
1618,690,24,训练集
1619,629,17,训练集
1620,218,19,训练集
1621,265,21,训练集
1622,611,21,训练集
1623,343,25,训练集
1624,610,21,训练集
1625,454,26,训练集
1626,515,22,训练集
1627,542,21,训练集
1628,936,22,训练集
1629,915,27,训练集
1630,664,26,训练集
1631,883,21,训练集
1632,770,21,训练集
1633,314,11,训练集
1634,804,25,训练集
1635,1025,23,训练集
1636,312,13,训练集
1637,416,21,训练集
1638,278,18,训练集
1639,1152,35,训练集
1640,379,16,训练集
1641,823,25,训练集
1642,428,17,训练集
1643,251,18,训练集
1644,848,32,训练集
1645,835,25,训练集
1646,781,22,训练集
1647,532,20,训练集
1648,464,18,训练集
1649,521,18,训练集
1650,794,26,训练集
1651,761,23,训练集
1652,698,25,训练集
1653,567,17,训练集
1654,798,22,训练集
1655,864,29,训练集
1656,732,26,训练集
1657,1140,26,训练集
1658,507,20,训练集
1659,725,23,训练集
1660,850,24,训练集
1661,256,17,训练集
1662,526,20,训练集
1663,638,24,训练集
1664,841,26,训练集
1665,429,21,训练集
1666,357,13,训练集
1667,938,30,训练集
1668,393,22,训练集
1669,741,22,训练集
1670,551,22,训练集
1671,744,27,训练集
1672,606,17,训练集
1673,699,27,训练集
1674,473,19,训练集
1675,289,14,训练集
1676,684,21,训练集
1677,402,18,训练集
1678,748,22,训练集
1679,416,21,训练集
1680,465,18,训练集
1681,572,19,训练集
1682,639,26,训练集
1683,755,28,训练集
1684,875,27,训练集
1685,634,16,训练集
1686,609,19,训练集
1687,713,20,训练集
1688,839,17,训练集
1689,518,19,训练集
1690,569,24,训练集
1691,1202,28,训练集
1692,1020,29,训练集
1693,376,15,训练集
1694,686,23,训练集
1695,931,26,训练集
1696,507,22,训练集
1697,731,25,训练集
1698,755,19,训练集
1699,397,19,训练集
1700,353,21,训练集
1701,629,24,训练集
1702,681,21,训练集
1703,515,19,训练集
1704,327,17,训练集
1705,708,19,训练集
1706,545,23,训练集
1707,937,23,训练集
1708,414,14,训练集
1709,831,18,训练集
1710,714,27,训练集
1711,455,18,训练集
1712,694,18,训练集
1713,820,20,训练集
1714,694,24,训练集
1715,908,25,训练集
1716,405,20,训练集
1717,698,28,训练集
1718,505,22,训练集
1719,579,21,训练集
1720,318,21,训练集
1721,407,17,训练集
1722,985,21,训练集
1723,844,17,训练集
1724,395,23,训练集
1725,630,17,训练集
1726,379,13,训练集
1727,964,24,训练集
1728,659,23,训练集
1729,359,18,训练集
1730,769,23,训练集
1731,647,18,训练集
1732,705,22,训练集
1733,767,25,训练集
1734,454,23,训练集
1735,394,22,训练集
1736,681,24,训练集
1737,1280,30,训练集
1738,512,17,训练集
1739,250,15,训练集
1740,643,16,训练集
1741,593,18,训练集
1742,457,12,训练集
1743,587,25,训练集
1744,547,18,训练集
1745,555,17,训练集
1746,703,24,训练集
1747,802,22,训练集
1748,453,15,训练集
1749,761,24,训练集
1750,524,17,训练集
1751,636,12,训练集
1752,539,21,训练集
1753,434,19,训练集
1754,541,20,训练集
1755,690,26,训练集
1756,769,19,训练集
1757,547,20,训练集
1758,1053,29,训练集
1759,555,20,训练集
1760,342,18,训练集
1761,770,17,训练集
1762,122,8,训练集
1763,1017,25,训练集
1764,1109,25,训练集
1765,457,24,训练集
1766,472,21,训练集
1767,671,25,训练集
1768,910,20,训练集
1769,549,23,训练集
1770,475,26,训练集
1771,790,25,训练集
1772,749,24,训练集
1773,203,13,训练集
1774,583,15,训练集
1775,952,27,训练集
1776,1018,32,训练集
1777,758,20,训练集
1778,592,24,训练集
1779,917,24,训练集
1780,613,21,训练集
1781,485,13,训练集
1782,952,25,训练集
1783,841,21,训练集
1784,428,17,训练集
1785,316,16,训练集
1786,652,21,训练集
1787,351,16,训练集
1788,637,18,训练集
1789,778,24,训练集
1790,417,14,训练集
1791,145,15,训练集
1792,939,29,训练集
1793,773,22,训练集
1794,510,19,训练集
1795,396,18,训练集
1796,540,22,训练集
1797,427,23,训练集
1798,725,35,训练集
1799,416,16,训练集
1800,694,24,训练集
1801,613,27,训练集
1802,648,24,训练集
1803,822,18,训练集
1804,309,17,训练集
1805,554,16,训练集
1806,403,16,训练集
1807,883,26,训练集
1808,593,19,训练集
1809,455,16,训练集
1810,639,21,训练集
1811,966,28,训练集
1812,620,29,训练集
1813,1270,31,训练集
1814,595,25,训练集
1815,144,16,训练集
1816,605,23,训练集
1817,769,29,训练集
1818,642,24,训练集
1819,804,17,训练集
1820,760,20,训练集
1821,1172,31,训练集
1822,879,25,训练集
1823,1038,29,训练集
1824,644,20,训练集
1825,343,18,训练集
1826,297,21,训练集
1827,532,20,训练集
1828,424,14,训练集
1829,772,21,训练集
1830,353,17,训练集
1831,563,17,训练集
1832,993,27,训练集
1833,697,21,训练集
1834,798,18,训练集
1835,454,19,训练集
1836,389,17,训练集
1837,558,18,训练集
1838,1254,25,训练集
1839,241,23,训练集
1840,323,17,训练集
1841,643,23,训练集
1842,656,20,训练集
1843,269,15,训练集
1844,549,21,训练集
1845,1011,22,训练集
1846,504,15,训练集
1847,604,21,训练集
1848,558,17,训练集
1849,889,28,训练集
1850,457,19,训练集
1851,873,34,训练集
1852,751,18,训练集
1853,591,19,训练集
1854,461,19,训练集
1855,479,23,训练集
1856,565,19,训练集
1857,555,25,训练集
1858,523,26,训练集
1859,733,28,训练集
1860,466,22,训练集
1861,526,21,训练集
1862,312,15,训练集
1863,518,23,训练集
1864,332,14,训练集
1865,570,18,训练集
1866,772,22,训练集
1867,591,20,训练集
1868,899,25,训练集
1869,802,24,训练集
1870,748,27,训练集
1871,388,20,训练集
1872,188,16,训练集
1873,739,16,训练集
1874,920,23,训练集
1875,659,21,训练集
1876,807,21,训练集
1877,692,23,训练集
1878,435,21,训练集
1879,638,18,训练集
1880,675,22,训练集
1881,210,14,训练集
1882,897,24,训练集
1883,706,15,训练集
1884,686,21,训练集
1885,450,16,训练集
1886,493,19,训练集
1887,423,19,训练集
1888,801,29,训练集
1889,647,24,训练集
1890,375,16,训练集
1891,548,26,训练集
1892,562,26,训练集
1893,453,14,训练集
1894,300,19,训练集
1895,300,18,训练集
1896,867,29,训练集
1897,571,18,训练集
1898,348,14,训练集
1899,389,15,训练集
1900,703,20,训练集
1901,506,23,训练集
1902,353,15,训练集
1903,562,30,训练集
1904,378,21,训练集
1905,478,17,训练集
1906,337,17,训练集
1907,319,18,训练集
1908,596,19,训练集
1909,891,23,训练集
1910,401,19,训练集
1911,695,19,训练集
1912,635,25,训练集
1913,369,17,训练集
1914,777,25,训练集
1915,463,19,训练集
1916,186,13,训练集
1917,811,25,训练集
1918,801,25,训练集
1919,741,18,训练集
1920,430,22,训练集
1921,785,19,训练集
1922,702,18,训练集
1923,692,20,训练集
1924,893,29,训练集
1925,640,19,训练集
1926,933,20,训练集
1927,612,18,训练集
1928,585,27,训练集
1929,691,19,训练集
1930,399,17,训练集
1931,569,17,训练集
1932,484,17,训练集
1933,549,16,训练集
1934,1051,34,训练集
1935,757,26,训练集
1936,328,11,训练集
1937,694,20,训练集
1938,292,16,训练集
1939,1286,27,训练集
1940,372,23,训练集
1941,616,23,训练集
1942,640,22,训练集
1943,574,23,训练集
1944,861,26,训练集
1945,658,21,训练集
1946,591,21,训练集
1947,144,11,训练集
1948,1135,30,训练集
1949,454,21,训练集
1950,437,20,训练集
1951,682,20,训练集
1952,842,28,训练集
1953,526,24,训练集
1954,601,16,训练集
1955,633,17,训练集
1956,517,21,训练集
1957,374,11,训练集
1958,340,26,训练集
1959,920,25,训练集
1960,686,21,训练集
1961,963,31,训练集
1962,943,19,训练集
1963,284,10,训练集
1964,751,17,训练集
1965,547,15,训练集
1966,753,23,训练集
1967,608,20,训练集
1968,786,23,训练集
1969,832,19,训练集
1970,408,16,训练集
1971,367,21,训练集
1972,440,13,训练集
1973,195,11,训练集
1974,915,20,训练集
1975,781,22,训练集
1976,560,22,训练集
1977,457,18,训练集
1978,842,21,训练集
1979,788,24,训练集
1980,670,23,训练集
1981,834,24,训练集
1982,564,20,训练集
1983,818,26,训练集
1984,810,23,训练集
1985,431,16,训练集
1986,452,19,训练集
1987,729,18,训练集
1988,489,21,训练集
1989,658,17,训练集
1990,514,27,训练集
1991,894,22,训练集
1992,550,20,训练集
1993,546,22,训练集
1994,677,23,训练集
1995,357,16,训练集
1996,336,22,训练集
1997,318,15,训练集
1998,564,21,训练集
1999,649,24,训练集
2000,435,19,训练集
2001,685,16,训练集
2002,440,19,训练集
2003,671,20,训练集
2004,632,18,训练集
2005,496,17,训练集
2006,658,19,训练集
2007,959,30,训练集
2008,710,20,训练集
2009,847,25,训练集
2010,1145,27,训练集
2011,816,31,训练集
2012,731,23,训练集
2013,1205,32,训练集
2014,772,23,训练集
2015,929,29,训练集
2016,551,15,训练集
2017,623,20,训练集
2018,925,21,训练集
2019,1018,20,训练集
2020,561,15,训练集
2021,1031,23,训练集
2022,308,15,训练集
2023,721,23,训练集
2024,828,27,训练集
2025,498,19,训练集
2026,625,17,训练集
2027,683,21,训练集
2028,880,27,训练集
2029,771,29,训练集
2030,356,20,训练集
2031,566,20,训练集
2032,357,20,训练集
2033,522,21,训练集
2034,478,20,训练集
2035,632,24,训练集
2036,246,13,训练集
2037,781,21,训练集
2038,838,19,训练集
2039,790,23,训练集
2040,822,23,训练集
2041,379,12,训练集
2042,241,14,训练集
2043,449,21,训练集
2044,415,21,训练集
2045,668,18,训练集
2046,987,30,训练集
2047,427,18,训练集
2048,731,25,训练集
2049,738,18,训练集
2050,371,27,训练集
2051,397,16,训练集
2052,764,22,训练集
2053,474,22,训练集
2054,165,15,训练集
2055,809,24,训练集
2056,792,28,训练集
2057,785,33,训练集
2058,504,18,训练集
2059,578,19,训练集
2060,583,19,训练集
2061,512,25,训练集
2062,460,19,训练集
2063,1090,28,训练集
2064,577,18,训练集
2065,672,19,训练集
2066,866,22,训练集
2067,561,19,训练集
2068,788,25,训练集
2069,422,17,训练集
2070,440,19,训练集
2071,326,16,训练集
2072,574,18,训练集
2073,548,18,训练集
2074,814,21,训练集
2075,297,14,训练集
2076,876,27,训练集
2077,593,28,训练集
2078,925,26,训练集
2079,481,24,训练集
2080,437,20,训练集
2081,995,22,训练集
2082,431,18,训练集
2083,682,26,训练集
2084,658,22,训练集
2085,394,14,训练集
2086,473,18,训练集
2087,712,24,训练集
2088,686,20,训练集
2089,944,19,训练集
2090,560,19,训练集
2091,669,22,训练集
2092,989,28,训练集
2093,706,24,训练集
2094,997,31,训练集
2095,753,26,训练集
2096,635,16,训练集
2097,922,22,训练集
2098,431,15,训练集
2099,622,27,训练集
2100,469,14,训练集
2101,443,14,训练集
2102,275,20,训练集
2103,426,18,训练集
2104,364,16,训练集
2105,477,20,训练集
2106,628,22,训练集
2107,404,14,训练集
2108,671,22,训练集
2109,544,24,训练集
2110,475,17,训练集
2111,760,22,训练集
2112,406,15,训练集
2113,281,15,训练集
2114,756,19,训练集
2115,554,15,训练集
2116,942,19,训练集
2117,1043,25,训练集
2118,654,17,训练集
2119,589,21,训练集
2120,691,23,训练集
2121,624,18,训练集
2122,500,16,训练集
2123,295,20,训练集
2124,246,11,训练集
2125,715,21,训练集
2126,420,15,训练集
2127,533,23,训练集
2128,717,26,训练集
2129,741,23,训练集
2130,532,18,训练集
2131,444,15,训练集
2132,919,27,训练集
2133,397,20,训练集
2134,533,24,训练集
2135,528,22,训练集
2136,181,11,训练集
2137,878,27,训练集
2138,868,20,训练集
2139,994,24,训练集
2140,874,20,训练集
2141,552,19,训练集
2142,423,17,训练集
2143,989,23,训练集
2144,391,16,训练集
2145,618,25,训练集
2146,758,18,训练集
2147,252,14,训练集
2148,979,27,训练集
2149,942,26,训练集
2150,670,19,训练集
2151,693,21,训练集
2152,510,19,训练集
2153,385,17,训练集
2154,378,19,训练集
2155,784,19,训练集
2156,552,24,训练集
2157,560,17,训练集
2158,540,18,训练集
2159,382,16,训练集
2160,488,15,训练集
2161,538,20,训练集
2162,262,18,训练集
2163,725,23,训练集
2164,518,20,训练集
2165,466,18,训练集
2166,746,22,训练集
2167,647,21,训练集
2168,1093,19,训练集
2169,596,20,训练集
2170,365,16,训练集
2171,164,15,训练集
2172,552,22,训练集
2173,670,25,训练集
2174,992,27,训练集
2175,774,20,训练集
2176,279,15,训练集
2177,430,19,训练集
2178,698,18,训练集
2179,281,14,训练集
2180,600,17,训练集
2181,458,20,训练集
2182,683,26,训练集
2183,648,24,训练集
2184,865,24,训练集
2185,811,24,训练集
2186,748,16,训练集
2187,634,29,训练集
2188,746,24,训练集
2189,425,25,训练集
2190,785,20,训练集
2191,690,23,训练集
2192,1088,22,训练集
2193,811,22,训练集
2194,564,21,训练集
2195,345,14,训练集
2196,1038,27,训练集
2197,667,23,训练集
2198,421,16,训练集
2199,557,23,训练集
2200,440,22,训练集
2201,890,27,训练集
2202,511,22,训练集
2203,919,24,训练集
2204,590,21,训练集
2205,880,16,训练集
2206,605,23,训练集
2207,667,26,训练集
2208,728,21,训练集
2209,417,14,训练集
2210,755,21,训练集
2211,788,24,训练集
2212,1271,26,训练集
2213,502,18,训练集
2214,227,20,训练集
2215,711,24,训练集
2216,381,14,训练集
2217,1102,29,训练集
2218,383,18,训练集
2219,1180,25,训练集
2220,702,21,训练集
2221,432,16,训练集
2222,350,13,训练集
2223,714,21,训练集
2224,596,18,训练集
2225,724,30,训练集
2226,655,23,训练集
2227,387,11,训练集
2228,333,19,训练集
2229,739,17,训练集
2230,575,24,训练集
2231,659,19,训练集
2232,323,18,训练集
2233,523,14,训练集
2234,871,24,训练集
2235,448,24,训练集
2236,906,29,训练集
2237,900,32,训练集
2238,733,20,训练集
2239,805,23,训练集
2240,504,18,训练集
2241,545,23,训练集
2242,454,20,训练集
2243,434,15,训练集
2244,945,29,训练集
2245,655,22,训练集
2246,628,19,训练集
2247,584,19,训练集
2248,465,20,训练集
2249,677,13,训练集
2250,445,16,训练集
2251,469,21,训练集
2252,332,17,训练集
2253,504,23,训练集
2254,383,20,训练集
2255,903,27,训练集
2256,621,21,训练集
2257,548,18,训练集
2258,697,22,训练集
2259,619,24,训练集
2260,486,19,训练集
2261,813,24,训练集
2262,459,20,训练集
2263,478,22,训练集
2264,452,19,训练集
2265,335,15,训练集
2266,798,23,训练集
2267,659,22,训练集
2268,642,23,训练集
2269,453,20,训练集
2270,704,21,训练集
2271,417,21,训练集
2272,725,26,训练集
2273,356,12,训练集
2274,407,24,训练集
2275,525,23,训练集
2276,851,22,训练集
2277,793,22,训练集
2278,564,20,训练集
2279,760,22,训练集
2280,1004,25,训练集
2281,665,21,训练集
2282,567,23,训练集
2283,567,23,训练集
2284,518,17,训练集
2285,678,29,训练集
2286,465,19,训练集
2287,920,26,训练集
2288,577,23,训练集
2289,438,24,训练集
2290,353,19,训练集
2291,628,22,训练集
2292,348,14,训练集
2293,389,13,训练集
2294,955,32,训练集
2295,796,23,训练集
2296,519,16,训练集
2297,1194,32,训练集
2298,255,17,训练集
2299,651,21,训练集
2300,697,22,训练集
2301,649,24,训练集
2302,317,20,训练集
2303,436,16,训练集
2304,332,16,训练集
2305,718,21,训练集
2306,790,28,训练集
2307,576,22,训练集
2308,1114,28,训练集
2309,573,22,训练集
2310,336,13,训练集
2311,356,12,训练集
2312,630,22,训练集
2313,349,12,训练集
2314,1095,23,训练集
2315,746,24,训练集
2316,404,19,训练集
2317,807,21,训练集
2318,591,18,训练集
2319,797,21,训练集
2320,636,14,训练集
2321,622,18,训练集
2322,451,18,训练集
2323,397,20,训练集
2324,438,18,训练集
2325,331,23,训练集
2326,786,21,训练集
2327,782,24,训练集
2328,836,23,训练集
2329,366,22,训练集
2330,671,16,训练集
2331,372,18,训练集
2332,616,23,训练集
2333,320,11,训练集
2334,371,14,训练集
2335,474,21,训练集
2336,660,26,训练集
2337,568,27,训练集
2338,560,23,训练集
2339,743,27,训练集
2340,1081,29,训练集
2341,741,27,训练集
2342,537,21,训练集
2343,541,19,训练集
2344,818,24,训练集
2345,716,33,训练集
2346,562,19,训练集
2347,411,18,训练集
2348,654,23,训练集
2349,531,22,训练集
2350,1308,29,训练集
2351,720,25,训练集
2352,519,18,调参集
2353,535,18,调参集
2354,419,16,调参集
2355,535,25,调参集
2356,757,26,调参集
2357,410,24,调参集
2358,727,23,调参集
2359,828,21,调参集
2360,864,25,调参集
2361,973,25,调参集
2362,432,20,调参集
2363,313,13,调参集
2364,458,20,调参集
2365,397,21,调参集
2366,509,18,调参集
2367,663,26,调参集
2368,643,22,调参集
2369,887,19,调参集
2370,381,15,调参集
2371,726,22,调参集
2372,498,22,调参集
2373,506,20,调参集
2374,717,20,调参集
2375,437,20,调参集
2376,473,19,测试集
2377,1092,28,测试集
2378,923,21,测试集
2379,662,16,测试集
2380,869,19,测试集
2381,786,21,测试集
2382,461,21,测试集
2383,674,22,测试集
2384,536,17,测试集
2385,732,22,测试集
2386,646,27,测试集
2387,994,31,测试集
2388,669,23,测试集
2389,594,17,测试集
2390,1049,24,测试集
2391,781,27,测试集
2392,723,23,测试集
2393,358,18,测试集
2394,987,26,测试集
2395,733,19,测试集
2396,722,29,测试集
2397,573,22,测试集
2398,867,27,测试集
2399,545,19,测试集
